,person,game,correct,score,date
0,Sam,101,7,470,2023-07-12
1,Sam,103,6,439,2023-07-14
2,Sam,104,1,821,2023-07-15
3,Sam,105,6,492,2023-07-16
4,Sam,106,5,632,2023-07-17
5,Sam,107,5,590,2023-07-18
6,Sam,108,6,386,2023-07-19
7,Sam,109,4,674,2023-07-20
8,Sam,110,4,689,2023-07-21
9,Sam,111,6,556,2023-07-22
10,Sam,112,5,524,2023-07-23
11,Sam,113,5,556,2023-07-24
12,Sam,114,6,423,2023-07-25
13,Sam,115,5,553,2023-07-26
14,Sam,116,6,461,2023-07-27
15,Sam,118,4,614,2023-07-29
16,Sam,117,4,727,2023-07-28
17,Sam,119,5,556,2023-07-30
18,Sam,120,6,392,2023-07-31
19,Sam,121,3,748,2023-08-01
20,Sam,122,3,670,2023-08-02
21,Sam,123,8,346,2023-08-03
22,Sam,124,7,441,2023-08-04
23,Sam,125,8,142,2023-08-05
24,Sam,126,7,315,2023-08-06
25,Sam,127,6,423,2023-08-07
26,Sam,128,4,574,2023-08-08
27,Sam,129,5,562,2023-08-09
28,Sam,130,5,544,2023-08-10
29,Sam,135,7,459,2023-08-15
30,Sam,139,7,317,2023-08-19
31,Sam,141,4,582,2023-08-21
32,Sam,142,7,336,2023-08-22
33,Sam,146,7,278,2023-08-26
34,Sam,148,5,579,2023-08-28
35,Sam,149,6,443,2023-08-29
36,Sam,152,2,753,2023-09-01
37,Sam,156,7,420,2023-09-05
38,Sam,157,7,397,2023-09-06
39,Sam,158,6,443,2023-09-07
40,Sam,159,5,503,2023-09-08
41,Sam,161,3,650,2023-09-10
42,Sam,162,8,363,2023-09-11
43,Sam,164,8,263,2023-09-13
44,Sam,166,7,376,2023-09-15
45,Sam,168,6,448,2023-09-17
46,Sam,167,7,294,2023-09-16
47,Sam,169,5,565,2023-09-18
48,Sam,170,8,272,2023-09-19
49,Sam,171,3,700,2023-09-20
50,Sam,172,5,620,2023-09-21
51,Sam,173,8,293,2023-09-22
52,Sam,175,6,500,2023-09-24
53,Sam,174,9,143,2023-09-23
54,Sam,176,5,523,2023-09-25
55,Sam,177,4,680,2023-09-26
56,Sam,178,9,211,2023-09-27
57,Sam,179,6,457,2023-09-28
58,Sam,180,8,282,2023-09-29
59,Sam,181,7,417,2023-09-30
60,Sam,182,5,489,2023-10-01
61,Sam,184,8,388,2023-10-03
62,Sam,185,5,541,2023-10-04
63,Sam,186,6,610,2023-10-05
64,Sam,187,9,282,2023-10-06
65,Sam,188,9,162,2023-10-07
66,Sam,189,7,353,2023-10-08
67,Sam,190,7,435,2023-10-09
68,Sam,191,5,506,2023-10-10
69,Sam,192,7,419,2023-10-11
70,Sam,193,3,692,2023-10-12
71,Sam,194,6,534,2023-10-13
72,Sam,195,7,387,2023-10-14
73,Sam,196,7,380,2023-10-15
74,Sam,197,8,174,2023-10-16
75,Sam,198,4,541,2023-10-17
76,Sam,199,5,515,2023-10-18
77,Sam,200,7,397,2023-10-19
78,Sam,201,7,341,2023-10-20
79,Sam,202,8,250,2023-10-21
80,Sam,203,5,567,2023-10-22
81,Sam,204,7,317,2023-10-23
82,Sam,205,7,359,2023-10-24
83,Sam,206,9,144,2023-10-25
84,Sam,207,8,300,2023-10-26
85,Sam,208,5,501,2023-10-27
86,Sam,209,9,28,2023-10-28
87,Sam,210,3,656,2023-10-29
88,Sam,211,4,615,2023-10-30
89,Sam,212,4,548,2023-10-31
90,Sam,213,9,282,2023-11-01
91,Sam,214,2,817,2023-11-02
92,Sam,215,8,278,2023-11-03
93,Sam,216,9,71,2023-11-04
94,Sam,217,5,441,2023-11-05
95,Sam,219,4,568,2023-11-07
96,Sam,218,5,567,2023-11-06
97,Sam,220,6,474,2023-11-08
98,Sam,221,7,449,2023-11-09
99,Sam,222,8,232,2023-11-10
100,Sam,223,8,193,2023-11-11
101,Sam,224,5,578,2023-11-12
102,Sam,225,7,359,2023-11-13
103,Sam,226,6,421,2023-11-14
104,Sam,227,5,463,2023-11-15
105,Sam,228,8,246,2023-11-16
106,Sam,229,4,648,2023-11-17
107,Sam,230,9,97,2023-11-18
108,Sam,231,7,264,2023-11-19
109,Sam,232,4,644,2023-11-20
110,Sam,233,7,325,2023-11-21
111,Sam,234,8,203,2023-11-22
112,Sam,235,7,343,2023-11-23
113,Sam,236,9,60,2023-11-24
114,Sam,237,9,92,2023-11-25
115,Sam,238,6,468,2023-11-26
116,Sam,239,6,428,2023-11-27
117,Sam,240,7,443,2023-11-28
118,Sam,241,5,525,2023-11-29
119,Sam,242,5,504,2023-11-30
120,Sam,243,7,382,2023-12-01
121,Sam,244,8,229,2023-12-02
122,Sam,245,5,513,2023-12-03
123,Sam,246,6,387,2023-12-04
124,Sam,247,7,394,2023-12-05
125,Sam,248,8,361,2023-12-06
126,Sam,249,6,429,2023-12-07
127,Sam,250,7,394,2023-12-08
128,Sam,251,9,105,2023-12-09
129,Sam,252,6,326,2023-12-10
130,Sam,253,6,511,2023-12-11
131,Sam,255,8,273,2023-12-13
132,Sam,254,7,391,2023-12-12
133,Sam,256,6,385,2023-12-14
134,Sam,257,7,248,2023-12-15
135,Sam,258,9,106,2023-12-16
136,Sam,259,6,395,2023-12-17
137,Sam,261,5,457,2023-12-19
138,Sam,260,7,369,2023-12-18
139,Sam,262,5,493,2023-12-20
140,Sam,263,9,134,2023-12-21
141,Sam,264,3,630,2023-12-22
142,Sam,265,8,293,2023-12-23
143,Sam,266,7,310,2023-12-24
144,Sam,267,9,165,2023-12-25
145,Sam,268,8,231,2023-12-26
146,Sam,270,4,557,2023-12-28
147,Sam,269,7,358,2023-12-27
148,Sam,271,4,562,2023-12-29
149,Sam,272,8,191,2023-12-30
150,Sam,274,9,248,2024-01-01
151,Sam,273,7,433,2023-12-31
152,Sam,275,7,320,2024-01-02
153,Sam,276,8,162,2024-01-03
154,Sam,277,6,436,2024-01-04
155,Sam,279,7,260,2024-01-06
156,Sam,278,7,320,2024-01-05
157,Sam,280,6,436,2024-01-07
158,Sam,281,8,298,2024-01-08
159,Sam,282,7,294,2024-01-09
160,Sam,283,8,255,2024-01-10
161,Sam,284,6,498,2024-01-11
162,Sam,285,7,374,2024-01-12
163,Sam,286,6,373,2024-01-13
164,Sam,287,8,169,2024-01-14
165,Sam,288,6,310,2024-01-15
166,Sam,289,8,295,2024-01-16
167,Sam,290,8,249,2024-01-17
168,Sam,291,6,414,2024-01-18
169,Sam,292,7,346,2024-01-19
170,Sam,293,8,224,2024-01-20
171,Sam,294,6,388,2024-01-21
172,Sam,295,8,202,2024-01-22
173,Sam,296,8,266,2024-01-23
174,Sam,297,8,223,2024-01-24
175,Sam,298,8,300,2024-01-25
176,Sam,299,5,472,2024-01-26
177,Sam,300,7,240,2024-01-27
178,Sam,301,9,303,2024-01-28
179,Sam,302,8,256,2024-01-29
180,Sam,303,8,316,2024-01-30
181,Sam,304,5,548,2024-01-31
182,Sam,305,6,436,2024-02-01
183,Sam,306,8,333,2024-02-02
184,Sam,307,8,237,2024-02-03
185,Sam,308,9,141,2024-02-04
186,Sam,309,9,219,2024-02-05
187,Sam,310,7,308,2024-02-06
188,Sam,311,8,298,2024-02-07
189,Sam,312,9,250,2024-02-08
190,Sam,313,6,452,2024-02-09
191,Sam,314,9,103,2024-02-10
192,Sam,315,9,125,2024-02-11
193,Sam,316,8,287,2024-02-12
194,Sam,317,6,400,2024-02-13
195,Sam,318,9,172,2024-02-14
196,Sam,319,9,226,2024-02-15
197,Sam,320,8,253,2024-02-16
198,Sam,321,9,205,2024-02-17
199,Sam,323,8,193,2024-02-19
200,Sam,322,7,324,2024-02-18
201,Sam,324,9,124,2024-02-20
202,Sam,325,7,292,2024-02-21
203,Sam,326,9,164,2024-02-22
204,Sam,327,8,330,2024-02-23
205,Sam,328,9,94,2024-02-24
206,Sam,329,8,230,2024-02-25
207,Sam,330,8,244,2024-02-26
208,Sam,331,6,456,2024-02-27
209,Sam,332,7,298,2024-02-28
210,Sam,333,6,416,2024-02-29
211,Sam,334,8,242,2024-03-01
212,Sam,335,8,206,2024-03-02
213,Sam,336,9,95,2024-03-03
214,Sam,337,7,318,2024-03-04
215,Sam,338,4,525,2024-03-05
216,Sam,339,7,334,2024-03-06
217,Sam,340,9,158,2024-03-07
218,Sam,341,8,272,2024-03-08
219,Sam,342,5,512,2024-03-09
220,Sam,343,5,508,2024-03-10
221,Sam,344,6,432,2024-03-11
222,Sam,345,8,176,2024-03-12
223,Sam,346,8,172,2024-03-13
224,Sam,347,7,349,2024-03-14
225,Sam,349,8,209,2024-03-16
226,Sam,348,7,273,2024-03-15
227,Sam,351,8,242,2024-03-18
228,Sam,350,4,621,2024-03-17
229,Sam,352,7,327,2024-03-19
230,Sam,353,7,295,2024-03-20
231,Sam,354,6,387,2024-03-21
232,Sam,355,6,387,2024-03-22
233,Sam,357,6,435,2024-03-24
234,Sam,356,8,136,2024-03-23
235,Sam,358,7,329,2024-03-25
236,Sam,359,7,274,2024-03-26
237,Sam,360,9,155,2024-03-27
238,Sam,361,7,367,2024-03-28
239,Sam,362,9,104,2024-03-29
240,Sam,363,9,69,2024-03-30
241,Sam,364,7,256,2024-03-31
242,Sam,365,8,192,2024-04-01
243,Sam,366,7,340,2024-04-02
244,Sam,367,7,292,2024-04-03
245,Sam,368,8,185,2024-04-04
246,Sam,369,9,176,2024-04-05
247,Sam,370,9,91,2024-04-06
248,Sam,371,8,197,2024-04-07
249,Sam,372,8,254,2024-04-08
250,Sam,373,8,169,2024-04-09
251,Sam,374,8,159,2024-04-10
252,Sam,375,7,368,2024-04-11
253,Sam,376,7,299,2024-04-12
254,Sam,377,7,288,2024-04-13
255,Sam,378,7,286,2024-04-14
256,Sam,379,7,293,2024-04-15
257,Sam,380,7,289,2024-04-16
258,Sam,381,7,286,2024-04-17
259,Sam,382,7,238,2024-04-18
260,Sam,383,8,279,2024-04-19
261,Sam,384,9,120,2024-04-20
262,Sam,385,8,225,2024-04-21
263,Sam,386,7,361,2024-04-22
264,Sam,387,8,340,2024-04-23
265,Sam,388,6,405,2024-04-24
266,Sam,389,6,333,2024-04-25
267,Sam,391,7,226,2024-04-27
268,Sam,390,6,402,2024-04-26
269,Sam,392,7,297,2024-04-28
270,Sam,393,7,247,2024-04-29
271,Sam,394,8,193,2024-04-30
272,Sam,395,7,328,2024-05-01
273,Sam,397,7,282,2024-05-03
274,Sam,396,9,141,2024-05-02
275,Sam,398,8,135,2024-05-04
276,Sam,399,9,135,2024-05-05
277,Sam,400,8,235,2024-05-06
278,Sam,401,9,164,2024-05-07
279,Sam,402,8,218,2024-05-08
280,Sam,403,8,218,2024-05-09
281,Sam,404,9,264,2024-05-10
282,Sam,406,7,288,2024-05-12
283,Sam,405,9,56,2024-05-11
284,Sam,407,7,370,2024-05-13
285,Sam,408,8,187,2024-05-14
286,Sam,411,9,166,2024-05-17
287,Sam,409,7,304,2024-05-15
288,Sam,410,8,240,2024-05-16
289,Sam,412,8,272,2024-05-18
290,Sam,413,6,382,2024-05-19
291,Sam,414,9,141,2024-05-20
292,Sam,415,7,291,2024-05-21
293,Sam,416,7,418,2024-05-22
294,Sam,417,5,466,2024-05-23
295,Sam,418,9,101,2024-05-24
296,Sam,419,8,208,2024-05-25
297,Sam,420,5,488,2024-05-26
298,Sam,421,7,288,2024-05-27
299,Sam,422,8,154,2024-05-28
300,Sam,423,9,137,2024-05-29
301,Sam,424,8,191,2024-05-30
302,Sam,425,7,340,2024-05-31
303,Sam,427,9,23,2024-06-02
304,Sam,426,9,66,2024-06-01
305,Sam,428,6,340,2024-06-03
306,Sam,429,7,299,2024-06-04
307,Sam,430,8,228,2024-06-05
308,Sam,431,8,201,2024-06-06
309,Sam,432,7,425,2024-06-07
310,Sam,433,8,171,2024-06-08
311,Sam,434,9,146,2024-06-09
312,Sam,435,9,83,2024-06-10
313,Sam,436,8,392,2024-06-11
314,Sam,437,9,133,2024-06-12
315,Sam,438,9,51,2024-06-13
316,Sam,439,8,125,2024-06-14
317,Sam,441,7,291,2024-06-16
318,Sam,440,8,208,2024-06-15
319,Sam,442,8,275,2024-06-17
320,Sam,443,8,328,2024-06-18
321,Sam,444,9,170,2024-06-19
322,Sam,445,9,189,2024-06-20
323,Sam,447,9,83,2024-06-22
324,Sam,446,7,258,2024-06-21
325,Sam,448,8,198,2024-06-23
326,Sam,449,8,205,2024-06-24
327,Sam,450,9,219,2024-06-25
328,Sam,451,6,402,2024-06-26
329,Sam,452,8,202,2024-06-27
330,Sam,453,7,297,2024-06-28
331,Sam,454,9,82,2024-06-29
332,Sam,455,9,118,2024-06-30
333,Sam,456,9,71,2024-07-01
334,Sam,457,7,284,2024-07-02
335,Sam,458,7,310,2024-07-03
336,Sam,459,6,343,2024-07-04
337,Sam,460,8,237,2024-07-05
338,Sam,461,7,282,2024-07-06
339,Sam,462,9,107,2024-07-07
340,Sam,463,7,309,2024-07-08
341,Sam,464,7,360,2024-07-09
342,Sam,465,6,324,2024-07-10
343,Sam,466,9,172,2024-07-11
344,Sam,467,7,292,2024-07-12
345,Sam,468,9,29,2024-07-13
346,Sam,469,9,147,2024-07-14
347,Sam,470,7,330,2024-07-15
348,Sam,471,7,376,2024-07-16
349,Sam,473,8,223,2024-07-18
350,Sam,472,9,74,2024-07-17
351,Sam,474,7,465,2024-07-19
352,Sam,476,7,282,2024-07-21
353,Sam,475,8,142,2024-07-20
354,Sam,477,7,344,2024-07-22
355,Sam,478,7,369,2024-07-23
356,Sam,479,9,223,2024-07-24
357,Sam,480,8,230,2024-07-25
358,Sam,481,9,133,2024-07-26
359,Sam,482,7,352,2024-07-27
360,Sam,483,8,178,2024-07-28
361,Sam,484,9,182,2024-07-29
362,Sam,485,7,294,2024-07-30
363,Sam,486,9,118,2024-07-31
364,Sam,487,8,201,2024-08-01
365,Sam,488,6,375,2024-08-02
366,Sam,489,9,67,2024-08-03
367,Sam,490,7,299,2024-08-04
368,Sam,492,8,150,2024-08-06
369,Sam,491,8,272,2024-08-05
370,Sam,494,8,261,2024-08-08
371,Sam,493,8,224,2024-08-07
372,Sam,496,9,35,2024-08-10
373,Sam,495,8,235,2024-08-09
374,Sam,497,6,381,2024-08-12
375,Sam,498,7,287,2024-08-12
376,Sam,499,7,235,2024-08-13
377,Sam,500,9,98,2024-08-14
378,Sam,501,7,233,2024-08-15
379,Sam,504,7,356,2024-08-18
380,Sam,502,9,122,2024-08-16
381,Sam,503,8,166,2024-08-17
382,Sam,505,8,247,2024-08-19
383,Sam,506,8,184,2024-08-20
384,Sam,507,8,143,2024-08-21
385,Sam,508,8,293,2024-08-22
386,Sam,509,9,82,2024-08-23
387,Sam,510,8,244,2024-08-24
388,Sam,511,8,210,2024-08-25
389,Sam,512,6,371,2024-08-26
390,Sam,513,9,137,2024-08-27
391,Sam,514,8,267,2024-08-28
392,Sam,515,9,57,2024-08-29
393,Sam,516,9,104,2024-08-30
394,Sam,518,8,144,2024-09-01
395,Sam,517,9,86,2024-08-31
396,Sam,519,8,188,2024-09-02
397,Sam,520,8,211,2024-09-03
398,Sam,521,8,208,2024-09-04
399,Sam,523,8,195,2024-09-06
400,Sam,522,9,90,2024-09-05
401,Sam,524,9,21,2024-09-07
402,Sam,525,9,112,2024-09-08
403,Sam,526,9,156,2024-09-09
404,Sam,527,9,56,2024-09-10
405,Will,101,4,689,2023-07-12
406,Will,102,3,752,2023-07-13
407,Will,103,5,509,2023-07-14
408,Will,104,1,821,2023-07-15
409,Will,105,6,549,2023-07-16
410,Will,106,7,457,2023-07-17
411,Will,107,6,456,2023-07-18
412,Will,108,5,456,2023-07-19
413,Will,109,3,765,2023-07-20
414,Will,110,2,805,2023-07-21
415,Will,112,5,502,2023-07-23
416,Will,114,4,580,2023-07-25
417,Will,115,6,422,2023-07-26
418,Will,116,4,614,2023-07-27
419,Will,117,2,825,2023-07-28
420,Will,118,5,450,2023-07-29
421,Will,119,6,514,2023-07-30
422,Will,120,8,286,2023-07-31
423,Will,121,4,662,2023-08-01
424,Will,122,3,633,2023-08-02
425,Will,123,6,464,2023-08-03
426,Will,124,8,218,2023-08-04
427,Will,125,8,189,2023-08-05
428,Will,126,7,329,2023-08-06
429,Will,127,7,389,2023-08-07
430,Will,128,6,400,2023-08-08
431,Will,129,5,574,2023-08-09
432,Will,130,4,608,2023-08-10
433,Will,132,9,187,2023-08-12
434,Will,133,6,429,2023-08-13
435,Will,135,6,390,2023-08-15
436,Will,137,6,427,2023-08-17
437,Will,139,9,154,2023-08-19
438,Will,140,6,423,2023-08-20
439,Will,141,5,497,2023-08-21
440,Will,142,6,445,2023-08-22
441,Will,143,6,508,2023-08-23
442,Will,144,3,680,2023-08-24
443,Will,145,7,320,2023-08-25
444,Will,146,7,288,2023-08-26
445,Will,147,6,437,2023-08-27
446,Will,148,5,563,2023-08-28
447,Will,149,4,613,2023-08-29
448,Will,150,4,795,2023-08-30
449,Will,151,5,485,2023-08-31
450,Will,152,0,900,2023-09-01
451,Will,155,6,386,2023-09-04
452,Will,154,5,595,2023-09-03
453,Will,153,9,107,2023-09-02
454,Will,156,7,340,2023-09-05
455,Will,157,6,468,2023-09-06
456,Will,158,5,557,2023-09-07
457,Will,159,3,644,2023-09-08
458,Will,160,9,152,2023-09-09
459,Will,161,4,574,2023-09-10
460,Will,162,6,500,2023-09-11
461,Will,163,5,576,2023-09-12
462,Will,164,9,183,2023-09-13
463,Will,165,7,342,2023-09-14
464,Will,166,7,382,2023-09-15
465,Will,167,7,307,2023-09-16
466,Will,168,7,364,2023-09-17
467,Will,169,3,630,2023-09-18
468,Will,170,5,485,2023-09-19
469,Will,171,5,605,2023-09-20
470,Will,172,4,661,2023-09-21
471,Will,175,7,361,2023-09-24
472,Will,173,7,359,2023-09-22
473,Will,174,9,65,2023-09-23
474,Will,176,7,307,2023-09-25
475,Will,177,6,587,2023-09-26
476,Will,178,9,182,2023-09-27
477,Will,179,7,260,2023-09-28
478,Will,180,7,412,2023-09-29
479,Will,181,8,220,2023-09-30
480,Will,182,6,434,2023-10-01
481,Will,183,7,266,2023-10-02
482,Will,184,8,306,2023-10-03
483,Will,185,4,628,2023-10-04
484,Will,186,7,393,2023-10-05
485,Will,187,9,234,2023-10-06
486,Will,188,9,135,2023-10-07
487,Will,189,6,338,2023-10-08
488,Will,190,9,103,2023-10-09
489,Will,191,5,485,2023-10-10
490,Will,192,9,122,2023-10-11
491,Will,193,7,313,2023-10-12
492,Will,194,9,170,2023-10-13
493,Will,195,7,295,2023-10-14
494,Will,196,8,226,2023-10-15
495,Will,197,8,144,2023-10-16
496,Will,198,8,200,2023-10-17
497,Will,199,6,316,2023-10-18
498,Will,200,7,375,2023-10-19
499,Will,201,8,283,2023-10-20
500,Will,202,9,124,2023-10-21
501,Will,203,7,382,2023-10-22
502,Will,204,8,186,2023-10-23
503,Will,205,7,357,2023-10-24
504,Will,207,8,302,2023-10-26
505,Will,206,8,204,2023-10-25
506,Will,208,5,440,2023-10-27
507,Will,209,9,9,2023-10-28
508,Will,210,5,495,2023-10-29
509,Will,211,4,523,2023-10-30
510,Will,212,8,138,2023-10-31
511,Will,213,9,307,2023-11-01
512,Will,214,3,664,2023-11-02
513,Will,215,8,119,2023-11-03
514,Will,216,9,63,2023-11-04
515,Will,217,8,213,2023-11-05
516,Will,218,7,274,2023-11-06
517,Will,220,7,352,2023-11-08
518,Will,219,6,375,2023-11-07
519,Will,221,6,516,2023-11-09
520,Will,222,9,31,2023-11-10
521,Will,223,9,22,2023-11-11
522,Will,224,6,489,2023-11-12
523,Will,225,5,461,2023-11-13
524,Will,226,8,201,2023-11-14
525,Will,227,4,520,2023-11-15
526,Will,228,7,220,2023-11-16
527,Will,229,7,326,2023-11-17
528,Will,230,8,158,2023-11-18
529,Will,231,7,350,2023-11-19
530,Will,232,4,592,2023-11-20
531,Will,233,8,170,2023-11-21
532,Will,234,9,167,2023-11-22
533,Will,235,8,147,2023-11-23
534,Will,236,9,51,2023-11-24
535,Will,237,9,70,2023-11-25
536,Will,238,8,268,2023-11-26
537,Will,239,7,292,2023-11-27
538,Will,240,7,310,2023-11-28
539,Will,241,8,227,2023-11-29
540,Will,242,3,626,2023-11-30
541,Will,243,8,242,2023-12-01
542,Will,244,8,261,2023-12-02
543,Will,245,4,507,2023-12-03
544,Will,246,8,136,2023-12-04
545,Will,247,5,524,2023-12-05
546,Will,248,6,313,2023-12-06
547,Will,249,9,146,2023-12-07
548,Will,250,8,194,2023-12-08
549,Will,251,9,88,2023-12-09
550,Will,252,7,242,2023-12-10
551,Will,253,7,373,2023-12-11
552,Will,254,6,425,2023-12-12
553,Will,255,9,104,2023-12-13
554,Will,256,6,355,2023-12-14
555,Will,257,8,183,2023-12-15
556,Will,258,9,56,2023-12-16
557,Will,259,5,449,2023-12-17
558,Will,260,7,250,2023-12-18
559,Will,261,8,154,2023-12-19
560,Will,262,6,416,2023-12-20
561,Will,263,7,323,2023-12-21
562,Will,264,7,276,2023-12-22
563,Will,265,8,157,2023-12-23
564,Will,266,9,90,2023-12-24
565,Will,267,9,169,2023-12-25
566,Will,268,9,84,2023-12-26
567,Will,269,8,234,2023-12-27
568,Will,270,6,312,2023-12-28
569,Will,271,7,328,2023-12-29
570,Will,272,9,20,2023-12-30
571,Will,273,7,340,2023-12-31
572,Will,274,7,382,2024-01-01
573,Will,275,7,355,2024-01-02
574,Will,276,9,77,2024-01-03
575,Will,277,6,412,2024-01-04
576,Will,278,9,81,2024-01-05
577,Will,279,7,335,2024-01-06
578,Will,280,9,243,2024-01-07
579,Will,281,7,276,2024-01-08
580,Will,282,7,245,2024-01-09
581,Will,283,7,241,2024-01-10
582,Will,284,6,448,2024-01-11
583,Will,285,8,231,2024-01-12
584,Will,286,7,303,2024-01-13
585,Will,287,7,258,2024-01-14
586,Will,288,9,10,2024-01-15
587,Will,289,9,157,2024-01-16
588,Will,291,8,223,2024-01-18
589,Will,290,7,348,2024-01-17
590,Will,292,6,388,2024-01-19
591,Will,293,8,141,2024-01-20
592,Will,294,9,82,2024-01-21
593,Will,295,9,93,2024-01-22
594,Will,296,6,408,2024-01-23
595,Will,297,7,305,2024-01-24
596,Will,298,9,188,2024-01-25
597,Will,299,6,395,2024-01-26
598,Will,300,8,165,2024-01-27
599,Will,301,9,224,2024-01-28
600,Will,302,8,174,2024-01-29
601,Will,303,8,247,2024-01-30
602,Will,304,8,243,2024-01-31
603,Will,305,9,107,2024-02-01
604,Will,306,9,151,2024-02-02
605,Will,307,8,194,2024-02-03
606,Will,308,9,129,2024-02-04
607,Will,309,9,162,2024-02-05
608,Will,310,7,337,2024-02-06
609,Will,311,8,235,2024-02-07
610,Will,312,9,24,2024-02-08
611,Will,313,7,368,2024-02-09
612,Will,315,7,217,2024-02-11
613,Will,314,9,38,2024-02-10
614,Will,316,7,338,2024-02-12
615,Will,317,5,492,2024-02-13
616,Will,318,9,159,2024-02-14
617,Will,319,9,38,2024-02-15
618,Will,320,9,151,2024-02-16
619,Will,321,9,159,2024-02-17
620,Will,322,8,196,2024-02-18
621,Will,323,9,71,2024-02-19
622,Will,324,8,157,2024-02-20
623,Will,325,6,385,2024-02-21
624,Will,326,9,53,2024-02-22
625,Will,327,9,202,2024-02-23
626,Will,328,8,170,2024-02-24
627,Will,329,8,196,2024-02-25
628,Will,330,6,426,2024-02-26
629,Will,331,7,314,2024-02-27
630,Will,332,7,271,2024-02-28
631,Will,333,8,177,2024-02-29
632,Will,334,8,181,2024-03-01
633,Will,335,9,122,2024-03-02
634,Will,336,8,191,2024-03-03
635,Will,337,7,269,2024-03-04
636,Will,338,8,120,2024-03-05
637,Will,339,8,197,2024-03-06
638,Will,340,9,120,2024-03-07
639,Will,341,9,121,2024-03-08
640,Will,342,8,263,2024-03-09
641,Will,343,7,260,2024-03-10
642,Will,344,7,269,2024-03-11
643,Will,345,8,147,2024-03-12
644,Will,346,7,298,2024-03-13
645,Will,347,7,325,2024-03-14
646,Will,348,7,286,2024-03-15
647,Will,349,6,386,2024-03-16
648,Will,350,5,480,2024-03-17
649,Will,351,8,198,2024-03-18
650,Will,352,7,311,2024-03-19
651,Will,353,7,326,2024-03-20
652,Will,354,8,115,2024-03-21
653,Will,355,8,295,2024-03-22
654,Will,356,9,35,2024-03-23
655,Will,357,8,165,2024-03-24
656,Will,358,9,180,2024-03-25
657,Will,359,8,154,2024-03-26
658,Will,360,9,140,2024-03-27
659,Will,361,9,120,2024-03-28
660,Will,362,9,97,2024-03-29
661,Will,363,8,163,2024-03-30
662,Will,364,8,140,2024-03-31
663,Will,365,9,30,2024-04-01
664,Will,366,8,183,2024-04-02
665,Will,367,7,299,2024-04-03
666,Will,368,9,117,2024-04-04
667,Will,369,9,143,2024-04-05
668,Will,370,9,32,2024-04-06
669,Will,371,9,143,2024-04-07
670,Will,372,8,246,2024-04-08
671,Will,373,9,177,2024-04-09
672,Will,374,7,292,2024-04-10
673,Will,375,8,259,2024-04-11
674,Will,376,7,269,2024-04-12
675,Will,377,8,182,2024-04-13
676,Will,378,7,288,2024-04-14
677,Will,379,9,97,2024-04-15
678,Will,380,7,247,2024-04-16
679,Will,381,8,182,2024-04-17
680,Will,382,8,139,2024-04-18
681,Will,383,9,122,2024-04-19
682,Will,384,7,234,2024-04-20
683,Will,385,9,153,2024-04-21
684,Will,386,6,449,2024-04-22
685,Will,387,8,219,2024-04-23
686,Will,388,7,309,2024-04-24
687,Will,389,7,249,2024-04-25
688,Will,390,7,307,2024-04-26
689,Will,391,9,12,2024-04-27
690,Will,392,9,59,2024-04-28
691,Will,393,8,183,2024-04-29
692,Will,394,7,291,2024-04-30
693,Will,395,8,181,2024-05-01
694,Will,396,9,34,2024-05-02
695,Will,397,7,319,2024-05-03
696,Will,398,9,24,2024-05-04
697,Will,399,8,167,2024-05-05
698,Will,400,8,249,2024-05-06
699,Will,401,8,238,2024-05-07
700,Will,402,6,364,2024-05-08
701,Will,403,9,139,2024-05-09
702,Will,404,9,212,2024-05-10
703,Will,405,8,153,2024-05-11
704,Will,406,7,269,2024-05-12
705,Will,408,8,191,2024-05-14
706,Will,407,6,402,2024-05-13
707,Will,409,8,179,2024-05-15
708,Will,411,9,45,2024-05-17
709,Will,410,9,93,2024-05-16
710,Will,412,8,207,2024-05-18
711,Will,413,5,447,2024-05-19
712,Will,414,9,132,2024-05-20
713,Will,415,8,170,2024-05-21
714,Will,416,8,295,2024-05-22
715,Will,417,6,334,2024-05-23
716,Will,418,8,182,2024-05-24
717,Will,419,8,164,2024-05-25
718,Will,421,7,290,2024-05-27
719,Will,420,6,384,2024-05-27
720,Will,422,9,18,2024-05-28
721,Will,423,9,115,2024-05-29
722,Will,424,8,205,2024-05-30
723,Will,425,8,174,2024-05-31
724,Will,426,7,232,2024-06-01
725,Will,427,9,23,2024-06-02
726,Will,428,6,331,2024-06-03
727,Will,429,6,437,2024-06-04
728,Will,430,8,171,2024-06-05
729,Will,431,9,111,2024-06-06
730,Will,432,8,172,2024-06-07
731,Will,433,9,95,2024-06-08
732,Will,434,8,201,2024-06-09
733,Will,435,8,190,2024-06-10
734,Will,436,8,308,2024-06-11
735,Will,437,8,132,2024-06-12
736,Will,438,9,38,2024-06-13
737,Will,439,9,14,2024-06-14
738,Will,441,7,242,2024-06-16
739,Will,442,7,292,2024-06-17
740,Will,440,8,147,2024-06-15
741,Will,443,7,338,2024-06-18
742,Will,444,7,260,2024-06-19
743,Will,445,9,108,2024-06-20
744,Will,446,9,42,2024-06-21
745,Will,447,9,25,2024-06-22
746,Will,448,8,174,2024-06-23
747,Will,449,8,253,2024-06-24
748,Will,450,9,44,2024-06-25
749,Will,451,7,314,2024-06-26
750,Will,452,8,249,2024-06-27
751,Will,453,7,234,2024-06-28
752,Will,454,8,119,2024-06-29
753,Will,455,9,86,2024-06-30
754,Will,456,9,66,2024-07-01
755,Will,457,8,159,2024-07-02
756,Will,458,6,365,2024-07-03
757,Will,459,9,80,2024-07-04
758,Will,460,9,59,2024-07-05
759,Will,461,9,77,2024-07-06
760,Will,462,7,305,2024-07-07
761,Will,463,7,302,2024-07-08
762,Will,464,8,225,2024-07-09
763,Will,465,8,161,2024-07-10
764,Will,466,7,317,2024-07-11
765,Will,467,7,248,2024-07-12
766,Will,468,9,8,2024-07-13
767,Will,469,8,211,2024-07-14
768,Will,470,9,109,2024-07-15
769,Will,471,8,165,2024-07-16
770,Will,472,9,81,2024-07-17
771,Will,473,9,172,2024-07-18
772,Will,474,8,382,2024-07-19
773,Will,475,9,77,2024-07-20
774,Will,476,9,26,2024-07-21
775,Will,477,8,203,2024-07-22
776,Will,478,7,357,2024-07-23
777,Will,479,9,120,2024-07-24
778,Will,480,7,305,2024-07-25
779,Will,481,9,70,2024-07-26
780,Will,482,9,122,2024-07-27
781,Will,483,8,186,2024-07-28
782,Will,484,9,149,2024-07-29
783,Will,485,8,151,2024-07-30
784,Will,486,9,40,2024-07-31
785,Will,487,8,183,2024-08-01
786,Will,488,8,156,2024-08-02
787,Will,489,9,56,2024-08-03
788,Will,490,7,218,2024-08-05
789,Will,491,8,235,2024-08-05
790,Will,492,9,47,2024-08-06
791,Will,493,9,128,2024-08-07
792,Will,494,8,263,2024-08-08
793,Will,495,8,122,2024-08-09
794,Will,496,9,15,2024-08-10
795,Will,497,8,145,2024-08-11
796,Will,498,9,89,2024-08-12
797,Will,499,7,245,2024-08-13
798,Will,500,9,35,2024-08-14
799,Will,501,8,182,2024-08-15
800,Will,504,6,349,2024-08-18
801,Will,502,8,134,2024-08-16
802,Will,503,9,52,2024-08-17
803,Will,506,7,314,2024-08-20
804,Will,505,9,148,2024-08-19
805,Will,507,8,155,2024-08-21
806,Will,508,7,322,2024-08-22
807,Will,509,9,99,2024-08-23
808,Will,510,9,159,2024-08-24
809,Will,511,7,246,2024-08-25
810,Will,512,9,29,2024-08-26
811,Will,513,9,67,2024-08-27
812,Will,514,8,211,2024-08-28
813,Will,515,9,36,2024-08-29
814,Will,516,9,146,2024-08-30
815,Will,517,8,135,2024-08-31
816,Will,518,8,181,2024-09-01
817,Will,519,9,167,2024-09-02
818,Will,520,8,191,2024-09-03
819,Will,521,7,235,2024-09-04
820,Will,522,8,215,2024-09-05
821,Will,523,9,58,2024-09-06
822,Will,524,9,10,2024-09-07
823,Will,525,9,73,2024-09-08
824,Will,526,8,198,2024-09-09
825,Rachel,101,4,655,2023-07-12
826,Rachel,102,3,805,2023-07-13
827,Rachel,103,4,635,2023-07-14
828,Rachel,104,1,833,2023-07-15
829,Rachel,105,4,634,2023-07-16
830,Rachel,106,3,731,2023-07-17
831,Rachel,107,3,682,2023-07-18
832,Rachel,108,4,570,2023-07-19
833,Rachel,109,5,631,2023-07-20
834,Rachel,110,2,804,2023-07-21
835,Rachel,111,3,721,2023-07-22
836,Rachel,112,4,574,2023-07-23
837,Rachel,113,4,594,2023-07-24
838,Rachel,114,3,675,2023-07-25
839,Rachel,115,2,709,2023-07-26
840,Rachel,116,3,671,2023-07-27
841,Rachel,117,2,825,2023-07-28
842,Rachel,118,3,688,2023-07-29
843,Rachel,119,4,645,2023-07-30
844,Rachel,120,5,463,2023-07-31
845,Rachel,121,2,823,2023-08-01
846,Rachel,122,3,673,2023-08-02
847,Rachel,123,6,453,2023-08-03
848,Rachel,124,6,494,2023-08-04
849,Rachel,125,8,173,2023-08-05
850,Rachel,126,4,556,2023-08-06
851,Rachel,127,7,338,2023-08-07
852,Rachel,128,5,507,2023-08-08
853,Rachel,129,5,537,2023-08-09
854,Rachel,130,2,728,2023-08-10
855,Rachel,131,2,742,2023-08-11
856,Rachel,132,7,421,2023-08-12
857,Rachel,133,4,619,2023-08-13
858,Rachel,134,6,508,2023-08-14
859,Rachel,136,3,672,2023-08-16
860,Rachel,135,7,418,2023-08-15
861,Rachel,137,5,477,2023-08-17
862,Rachel,138,4,604,2023-08-18
863,Rachel,139,7,307,2023-08-19
864,Rachel,140,4,567,2023-08-20
865,Rachel,144,5,533,2023-08-24
866,Rachel,145,6,425,2023-08-25
867,Rachel,146,5,472,2023-08-26
868,Rachel,148,6,488,2023-08-28
869,Rachel,147,3,678,2023-08-27
870,Rachel,149,2,786,2023-08-29
871,Rachel,150,1,891,2023-08-30
872,Rachel,151,5,441,2023-08-31
873,Rachel,152,0,900,2023-09-01
874,Rachel,153,7,308,2023-09-02
875,Rachel,154,3,630,2023-09-03
876,Rachel,155,4,589,2023-09-04
877,Rachel,156,6,473,2023-09-05
878,Rachel,157,5,503,2023-09-06
879,Rachel,158,3,695,2023-09-07
880,Rachel,159,3,680,2023-09-08
881,Rachel,160,9,122,2023-09-09
882,Rachel,161,4,624,2023-09-10
883,Rachel,162,3,658,2023-09-11
884,Rachel,163,3,687,2023-09-12
885,Rachel,164,6,482,2023-09-13
886,Rachel,165,4,606,2023-09-14
887,Rachel,166,6,435,2023-09-15
888,Rachel,167,5,453,2023-09-16
889,Rachel,168,6,434,2023-09-17
890,Rachel,169,2,751,2023-09-18
891,Rachel,170,5,536,2023-09-19
892,Rachel,171,5,659,2023-09-20
893,Rachel,172,5,610,2023-09-21
894,Rachel,174,7,293,2023-09-23
895,Rachel,173,6,544,2023-09-22
896,Rachel,175,5,541,2023-09-24
897,Rachel,176,2,763,2023-09-25
898,Rachel,177,3,765,2023-09-27
899,Rachel,178,6,560,2023-09-27
900,Rachel,180,7,341,2023-09-29
901,Rachel,181,5,450,2023-09-30
902,Rachel,182,4,561,2023-10-01
903,Rachel,183,5,451,2023-10-02
904,Rachel,184,6,526,2023-10-03
905,Rachel,185,4,591,2023-10-04
906,Rachel,186,3,725,2023-10-05
907,Rachel,187,9,244,2023-10-06
908,Rachel,188,8,229,2023-10-07
909,Rachel,189,5,552,2023-10-08
910,Rachel,190,6,384,2023-10-09
911,Rachel,191,5,506,2023-10-10
912,Rachel,192,7,392,2023-10-11
913,Rachel,193,2,779,2023-10-12
914,Rachel,195,6,417,2023-10-14
915,Rachel,194,5,555,2023-10-13
916,Rachel,196,6,409,2023-10-15
917,Rachel,197,4,562,2023-10-16
918,Rachel,198,3,631,2023-10-17
919,Rachel,199,4,603,2023-10-18
920,Rachel,200,8,298,2023-10-19
921,Rachel,201,6,407,2023-10-20
922,Rachel,202,5,470,2023-10-21
923,Rachel,203,3,688,2023-10-22
924,Rachel,204,7,271,2023-10-23
925,Rachel,205,5,547,2023-10-24
926,Rachel,207,7,375,2023-10-26
927,Rachel,206,6,395,2023-10-25
928,Rachel,209,9,53,2023-10-28
929,Rachel,208,4,564,2023-10-27
930,Rachel,210,2,769,2023-10-29
931,Rachel,211,4,596,2023-10-30
932,Rachel,212,4,553,2023-10-31
933,Rachel,213,8,388,2023-11-01
934,Rachel,214,4,626,2023-11-02
935,Rachel,215,7,338,2023-11-03
936,Rachel,216,8,354,2023-11-04
937,Rachel,217,4,517,2023-11-05
938,Rachel,218,5,532,2023-11-06
939,Rachel,219,4,565,2023-11-07
940,Rachel,220,2,735,2023-11-08
941,Rachel,221,6,466,2023-11-09
942,Rachel,225,5,468,2023-11-13
943,Rachel,222,7,250,2023-11-10
944,Rachel,223,7,308,2023-11-11
945,Rachel,224,5,590,2023-11-12
946,Rachel,226,5,511,2023-11-14
947,Rachel,227,3,621,2023-11-15
948,Rachel,228,7,312,2023-11-16
949,Rachel,229,4,571,2023-11-17
950,Rachel,230,6,387,2023-11-18
951,Rachel,231,6,365,2023-11-19
952,Rachel,232,1,852,2023-11-20
953,Rachel,234,7,277,2023-11-22
954,Rachel,233,7,384,2023-11-21
955,Rachel,235,4,549,2023-11-24
956,Rachel,236,7,263,2023-11-24
957,Rachel,237,7,253,2023-11-25
958,Rachel,238,6,444,2023-11-26
959,Rachel,239,4,509,2023-11-27
960,Rachel,240,4,650,2023-11-28
961,Rachel,242,2,769,2023-11-30
962,Rachel,241,6,416,2023-11-29
963,Rachel,244,9,201,2023-12-02
964,Rachel,243,7,387,2023-12-02
965,Rachel,245,2,746,2023-12-03
966,Rachel,246,4,563,2023-12-04
967,Rachel,247,4,622,2023-12-05
968,Rachel,248,7,306,2023-12-06
969,Rachel,249,5,489,2023-12-07
970,Rachel,250,3,684,2023-12-08
971,Rachel,251,8,213,2023-12-09
972,Rachel,252,5,464,2023-12-10
973,Rachel,253,5,520,2023-12-11
974,Rachel,254,4,538,2023-12-12
975,Rachel,255,8,242,2023-12-13
976,Rachel,256,5,521,2023-12-14
977,Rachel,257,6,347,2023-12-15
978,Rachel,258,9,178,2023-12-16
979,Rachel,259,3,749,2023-12-17
980,Rachel,260,7,321,2023-12-18
981,Rachel,261,3,633,2023-12-20
982,Rachel,262,4,592,2023-12-20
983,Rachel,264,1,825,2023-12-22
984,Rachel,263,7,296,2023-12-21
985,Rachel,265,7,376,2023-12-23
986,Rachel,266,6,376,2023-12-24
987,Rachel,267,9,181,2023-12-25
988,Rachel,268,9,137,2023-12-26
989,Rachel,270,1,806,2023-12-28
990,Rachel,269,7,379,2023-12-27
991,Rachel,271,6,435,2023-12-29
992,Rachel,272,8,190,2023-12-30
993,Rachel,274,4,649,2024-01-01
994,Rachel,273,7,273,2023-12-31
995,Rachel,275,6,435,2024-01-02
996,Rachel,276,9,73,2024-01-03
997,Rachel,277,3,720,2024-01-04
998,Rachel,278,5,461,2024-01-05
999,Rachel,279,7,251,2024-01-06
1000,Rachel,280,4,606,2024-01-07
1001,Rachel,281,6,460,2024-01-08
1002,Rachel,282,5,456,2024-01-09
1003,Rachel,283,5,539,2024-01-10
1004,Rachel,284,5,551,2024-01-11
1005,Rachel,285,6,449,2024-01-12
1006,Rachel,286,6,384,2024-01-13
1007,Rachel,287,5,460,2024-01-14
1008,Rachel,288,8,133,2024-01-15
1009,Rachel,289,7,352,2024-01-16
1010,Rachel,290,7,338,2024-01-17
1011,Rachel,291,3,661,2024-01-18
1012,Rachel,292,4,589,2024-01-19
1013,Rachel,293,6,347,2024-01-20
1014,Rachel,294,6,394,2024-01-21
1015,Rachel,295,6,368,2024-01-22
1016,Rachel,296,5,509,2024-01-23
1017,Rachel,297,4,533,2024-01-24
1018,Rachel,298,6,517,2024-01-25
1019,Rachel,299,6,388,2024-01-26
1020,Rachel,300,7,296,2024-01-27
1021,Rachel,301,8,375,2024-01-28
1022,Rachel,302,7,328,2024-01-29
1023,Rachel,303,5,508,2024-01-30
1024,Rachel,304,4,653,2024-01-31
1025,Rachel,305,7,456,2024-02-01
1026,Rachel,306,7,335,2024-02-02
1027,Rachel,307,8,267,2024-02-03
1028,Rachel,309,7,346,2024-02-05
1029,Rachel,308,9,126,2024-02-04
1030,Rachel,310,4,585,2024-02-07
1031,Rachel,311,5,489,2024-02-07
1032,Rachel,312,9,160,2024-02-08
1033,Rachel,313,4,607,2024-02-10
1034,Rachel,314,9,146,2024-02-10
1035,Rachel,315,8,219,2024-02-11
1036,Rachel,316,7,342,2024-02-12
1037,Rachel,317,4,558,2024-02-13
1038,Rachel,318,6,432,2024-02-14
1039,Rachel,319,9,246,2024-02-15
1040,Rachel,321,8,256,2024-02-17
1041,Rachel,320,7,317,2024-02-16
1042,Rachel,322,5,563,2024-02-18
1043,Rachel,323,8,141,2024-02-19
1044,Rachel,324,5,506,2024-02-20
1045,Rachel,325,7,278,2024-02-21
1046,Rachel,326,6,441,2024-02-22
1047,Rachel,327,6,514,2024-02-23
1048,Rachel,328,8,129,2024-02-24
1049,Rachel,329,6,382,2024-02-25
1050,Rachel,330,4,582,2024-02-26
1051,Rachel,331,6,434,2024-02-27
1052,Rachel,332,7,273,2024-02-28
1053,Rachel,333,6,419,2024-02-29
1054,Rachel,334,5,447,2024-03-01
1055,Rachel,335,7,300,2024-03-02
1056,Rachel,336,8,265,2024-03-03
1057,Rachel,337,6,382,2024-03-04
1058,Rachel,338,5,472,2024-03-05
1059,Rachel,340,3,638,2024-03-07
1060,Rachel,339,6,399,2024-03-06
1061,Rachel,341,8,263,2024-03-08
1062,Rachel,342,6,427,2024-03-09
1063,Rachel,343,6,393,2024-03-10
1064,Rachel,344,3,636,2024-03-12
1065,Rachel,345,7,313,2024-03-12
1066,Rachel,346,6,380,2024-03-13
1067,Rachel,348,6,385,2024-03-15
1068,Rachel,347,5,484,2024-03-14
1069,Rachel,349,8,141,2024-03-16
1070,Rachel,350,5,475,2024-03-17
1071,Rachel,351,6,397,2024-03-18
1072,Rachel,352,6,466,2024-03-19
1073,Rachel,353,5,482,2024-03-20
1074,Rachel,354,5,464,2024-03-21
1075,Rachel,355,5,503,2024-03-22
1076,Rachel,356,9,35,2024-03-23
1077,Rachel,357,5,505,2024-03-24
1078,Rachel,358,7,353,2024-03-25
1079,Rachel,359,6,361,2024-03-26
1080,Rachel,360,7,288,2024-03-27
1081,Rachel,361,5,510,2024-03-28
1082,Rachel,362,8,225,2024-03-29
1083,Rachel,363,9,65,2024-03-30
1084,Rachel,364,7,210,2024-03-31
1085,Rachel,365,5,433,2024-04-01
1086,Rachel,366,7,364,2024-04-02
1087,Rachel,367,7,311,2024-04-03
1088,Rachel,368,9,120,2024-04-04
1089,Rachel,369,9,132,2024-04-05
1090,Rachel,370,9,63,2024-04-06
1091,Rachel,372,6,474,2024-04-08
1092,Rachel,371,8,191,2024-04-07
1093,Rachel,373,6,401,2024-04-09
1094,Rachel,374,7,268,2024-04-10
1095,Rachel,375,7,437,2024-04-11
1096,Rachel,376,7,333,2024-04-13
1097,Rachel,377,8,180,2024-04-13
1098,Rachel,378,7,257,2024-04-14
1099,Rachel,379,7,269,2024-04-15
1100,Rachel,380,6,368,2024-04-16
1101,Rachel,381,4,626,2024-04-17
1102,Rachel,382,7,267,2024-04-18
1103,Rachel,383,7,328,2024-04-19
1104,Rachel,384,8,244,2024-04-20
1105,Rachel,385,7,353,2024-04-21
1106,Rachel,386,4,610,2024-04-22
1107,Rachel,387,6,430,2024-04-23
1108,Rachel,388,7,355,2024-04-24
1109,Rachel,389,7,324,2024-04-25
1110,Rachel,390,5,537,2024-04-26
1111,Rachel,391,9,56,2024-04-27
1112,Rachel,392,8,239,2024-04-28
1113,Rachel,393,6,320,2024-04-29
1114,Rachel,394,7,305,2024-04-30
1115,Rachel,395,7,337,2024-05-01
1116,Rachel,396,9,159,2024-05-02
1117,Rachel,397,6,424,2024-05-03
1118,Rachel,398,8,200,2024-05-04
1119,Rachel,399,7,305,2024-05-05
1120,Rachel,400,9,102,2024-05-06
1121,Rachel,401,8,261,2024-05-07
1122,Rachel,402,2,716,2024-05-08
1123,Rachel,403,8,163,2024-05-09
1124,Rachel,404,8,311,2024-05-10
1125,Rachel,405,9,57,2024-05-12
1126,Rachel,407,4,601,2024-05-13
1127,Rachel,406,4,537,2024-05-13
1128,Rachel,408,6,339,2024-05-14
1129,Rachel,411,9,111,2024-05-17
1130,Rachel,409,6,381,2024-05-15
1131,Rachel,410,5,502,2024-05-16
1132,Rachel,412,9,224,2024-05-18
1133,Rachel,413,4,579,2024-05-19
1134,Rachel,414,7,342,2024-05-20
1135,Rachel,415,7,289,2024-05-21
1136,Rachel,416,5,525,2024-05-22
1137,Rachel,417,6,340,2024-05-23
1138,Rachel,418,7,271,2024-05-24
1139,Rachel,419,7,290,2024-05-25
1140,Rachel,420,5,479,2024-05-26
1141,Rachel,421,6,383,2024-05-27
1142,Rachel,422,8,229,2024-05-28
1143,Rachel,423,8,210,2024-05-29
1144,Rachel,424,6,434,2024-05-30
1145,Rachel,425,7,279,2024-05-31
1146,Rachel,426,8,142,2024-06-01
1147,Rachel,427,9,36,2024-06-02
1148,Rachel,428,4,569,2024-06-03
1149,Rachel,429,5,503,2024-06-04
1150,Rachel,430,6,370,2024-06-05
1151,Rachel,431,9,105,2024-06-06
1152,Rachel,432,7,327,2024-06-07
1153,Rachel,433,9,81,2024-06-08
1154,Rachel,434,6,372,2024-06-09
1155,Rachel,435,8,223,2024-06-10
1156,Rachel,436,7,418,2024-06-11
1157,Rachel,437,6,340,2024-06-12
1158,Rachel,438,7,259,2024-06-13
1159,Rachel,439,8,170,2024-06-14
1160,Rachel,440,7,263,2024-06-15
1161,Rachel,441,8,151,2024-06-16
1162,Rachel,442,4,604,2024-06-17
1163,Rachel,443,5,530,2024-06-18
1164,Rachel,444,7,276,2024-06-19
1165,Rachel,445,9,146,2024-06-20
1166,Rachel,446,8,282,2024-06-21
1167,Rachel,447,9,98,2024-06-22
1168,Rachel,448,6,379,2024-06-23
1169,Rachel,449,6,462,2024-06-24
1170,Rachel,450,9,199,2024-06-25
1171,Rachel,451,5,479,2024-06-26
1172,Rachel,452,7,375,2024-06-27
1173,Rachel,453,8,152,2024-06-28
1174,Rachel,454,8,179,2024-06-29
1175,Rachel,455,7,296,2024-06-30
1176,Rachel,456,7,225,2024-07-01
1177,Rachel,457,8,158,2024-07-02
1178,Rachel,458,6,355,2024-07-03
1179,Rachel,459,5,417,2024-07-04
1180,Rachel,461,8,220,2024-07-06
1181,Rachel,460,6,392,2024-07-05
1182,Rachel,462,6,373,2024-07-07
1183,Rachel,463,7,286,2024-07-08
1184,Rachel,464,7,322,2024-07-09
1185,Rachel,465,6,341,2024-07-10
1186,Rachel,466,5,476,2024-07-12
1187,Rachel,467,7,292,2024-07-12
1188,Rachel,468,9,15,2024-07-13
1189,Rachel,469,6,402,2024-07-14
1190,Rachel,471,7,316,2024-07-16
1191,Rachel,470,7,411,2024-07-16
1192,Rachel,472,9,66,2024-07-17
1193,Rachel,473,7,331,2024-07-18
1194,Rachel,475,8,151,2024-07-20
1195,Rachel,474,4,635,2024-07-20
1196,Rachel,476,4,559,2024-07-21
1197,Rachel,477,7,335,2024-07-22
1198,Rachel,478,6,452,2024-07-23
1199,Rachel,479,6,445,2024-07-24
1200,Rachel,480,5,467,2024-07-25
1201,Rachel,481,9,118,2024-07-26
1202,Rachel,482,9,169,2024-07-27
1203,Rachel,483,6,371,2024-07-28
1204,Rachel,484,7,367,2024-07-29
1205,Rachel,485,8,171,2024-07-30
1206,Rachel,486,6,430,2024-07-31
1207,Rachel,487,9,121,2024-08-01
1208,Rachel,488,6,377,2024-08-02
1209,Rachel,490,5,487,2024-08-04
1210,Rachel,489,9,76,2024-08-03
1211,Rachel,492,7,260,2024-08-06
1212,Rachel,491,8,313,2024-08-05
1213,Rachel,493,8,227,2024-08-08
1214,Rachel,495,7,291,2024-08-09
1215,Rachel,494,8,240,2024-08-08
1216,Rachel,497,4,551,2024-08-11
1217,Rachel,498,9,103,2024-08-12
1218,Rachel,496,9,58,2024-08-10
1219,Rachel,499,6,351,2024-08-13
1220,Rachel,500,9,80,2024-08-14
1221,Rachel,501,6,351,2024-08-15
1222,Rachel,503,9,54,2024-08-17
1223,Rachel,502,6,412,2024-08-16
1224,Rachel,504,4,620,2024-08-18
1225,Rachel,505,8,282,2024-08-19
1226,Rachel,506,7,271,2024-08-20
1227,Rachel,507,8,178,2024-08-21
1228,Rachel,508,7,326,2024-08-22
1229,Rachel,509,7,270,2024-08-23
1230,Rachel,510,8,217,2024-08-24
1231,Rachel,511,6,384,2024-08-25
1232,Rachel,512,6,344,2024-08-26
1233,Rachel,513,9,123,2024-08-27
1234,Rachel,514,7,352,2024-08-28
1235,Rachel,515,8,247,2024-08-29
1236,Rachel,516,9,135,2024-08-30
1237,Rachel,517,9,141,2024-08-31
1238,Rachel,518,6,377,2024-09-01
1239,Rachel,519,7,289,2024-09-02
1240,Rachel,520,6,409,2024-09-03
1241,Rachel,521,9,97,2024-09-04
1242,Rachel,522,8,178,2024-09-05
1243,Rachel,523,7,274,2024-09-06
1244,Rachel,526,8,216,2024-09-09
1245,Rachel,524,9,47,2024-09-07
1246,Rachel,525,7,316,2024-09-08
1247,Rachel,527,8,187,2024-09-10
1248,Keith,101,5,590,2023-07-12
1249,Keith,102,4,703,2023-07-13
1250,Keith,103,6,468,2023-07-14
1251,Keith,104,1,821,2023-07-15
1252,Keith,105,4,642,2023-07-16
1253,Keith,106,8,183,2023-07-17
1254,Keith,107,6,403,2023-07-18
1255,Keith,108,4,559,2023-07-19
1256,Keith,109,5,606,2023-07-20
1257,Keith,110,3,637,2023-07-21
1258,Keith,111,2,737,2023-07-22
1259,Keith,112,3,618,2023-07-23
1260,Keith,113,6,444,2023-07-24
1261,Keith,114,4,643,2023-07-25
1262,Keith,115,7,327,2023-07-26
1263,Keith,116,6,374,2023-07-27
1264,Keith,117,3,794,2023-07-28
1265,Keith,118,3,635,2023-07-29
1266,Keith,119,3,730,2023-07-30
1267,Keith,120,4,596,2023-07-31
1268,Keith,121,1,805,2023-08-01
1269,Keith,122,4,557,2023-08-02
1270,Keith,123,7,372,2023-08-03
1271,Keith,124,8,316,2023-08-04
1272,Keith,125,7,291,2023-08-05
1273,Keith,126,6,384,2023-08-06
1274,Keith,127,7,417,2023-08-07
1275,Keith,128,7,393,2023-08-08
1276,Keith,129,8,260,2023-08-09
1277,Keith,130,3,693,2023-08-10
1278,Keith,131,2,736,2023-08-11
1279,Keith,132,7,348,2023-08-12
1280,Keith,133,7,362,2023-08-13
1281,Keith,134,7,422,2023-08-14
1282,Keith,135,5,543,2023-08-15
1283,Keith,136,4,561,2023-08-16
1284,Keith,138,7,291,2023-08-18
1285,Keith,137,5,451,2023-08-17
1286,Keith,139,5,479,2023-08-19
1287,Keith,140,5,501,2023-08-20
1288,Keith,141,5,474,2023-08-21
1289,Keith,142,7,380,2023-08-22
1290,Keith,143,4,562,2023-08-23
1291,Keith,145,8,263,2023-08-25
1292,Keith,144,3,678,2023-08-24
1293,Keith,146,8,175,2023-08-26
1294,Keith,148,7,410,2023-08-28
1295,Keith,147,6,398,2023-08-27
1296,Keith,149,4,574,2023-08-29
1297,Keith,150,2,828,2023-08-30
1298,Keith,151,7,293,2023-08-31
1299,Keith,152,3,670,2023-09-01
1300,Keith,155,7,292,2023-09-04
1301,Keith,153,9,70,2023-09-02
1302,Keith,154,4,614,2023-09-03
1303,Keith,156,9,171,2023-09-05
1304,Keith,157,6,447,2023-09-06
1305,Keith,158,7,380,2023-09-07
1306,Keith,159,7,330,2023-09-08
1307,Keith,160,9,82,2023-09-09
1308,Keith,161,4,591,2023-09-10
1309,Keith,162,7,401,2023-09-11
1310,Keith,163,8,332,2023-09-12
1311,Keith,164,6,372,2023-09-13
1312,Keith,165,7,378,2023-09-14
1313,Keith,166,7,291,2023-09-15
1314,Keith,167,5,418,2023-09-16
1315,Keith,168,6,404,2023-09-17
1316,Keith,169,5,617,2023-09-18
1317,Keith,170,6,424,2023-09-19
1318,Keith,171,5,547,2023-09-20
1319,Keith,172,6,475,2023-09-21
1320,Keith,173,6,473,2023-09-22
1321,Keith,174,8,201,2023-09-23
1322,Keith,175,7,339,2023-09-24
1323,Keith,176,3,652,2023-09-25
1324,Keith,177,7,445,2023-09-26
1325,Keith,178,8,352,2023-09-27
1326,Keith,179,5,553,2023-09-28
1327,Keith,180,9,137,2023-09-29
1328,Keith,181,6,459,2023-09-30
1329,Keith,182,8,249,2023-10-01
1330,Keith,183,6,434,2023-10-02
1331,Keith,184,6,448,2023-10-03
1332,Keith,185,7,344,2023-10-04
1333,Keith,186,3,684,2023-10-05
1334,Keith,187,9,168,2023-10-06
1335,Keith,188,7,317,2023-10-07
1336,Keith,189,5,446,2023-10-08
1337,Keith,190,7,322,2023-10-09
1338,Keith,191,6,392,2023-10-10
1339,Keith,192,9,195,2023-10-11
1340,Keith,193,3,709,2023-10-12
1341,Keith,90,6,502,2023-10-12
1342,Keith,194,6,424,2023-10-13
1343,Keith,195,7,316,2023-10-14
1344,Keith,196,8,264,2023-10-15
1345,Keith,197,9,62,2023-10-16
1346,Keith,198,7,295,2023-10-17
1347,Keith,199,8,253,2023-10-18
1348,Keith,200,6,507,2023-10-19
1349,Keith,201,7,304,2023-10-20
1350,Keith,202,7,362,2023-10-21
1351,Keith,203,6,547,2023-10-22
1352,Keith,204,8,135,2023-10-23
1353,Keith,205,7,375,2023-10-24
1354,Keith,206,8,163,2023-10-25
1355,Keith,207,7,331,2023-10-26
1356,Keith,208,6,360,2023-10-27
1357,Keith,210,7,396,2023-10-29
1358,Keith,209,9,49,2023-10-28
1359,Keith,211,7,401,2023-10-30
1360,Keith,212,4,512,2023-10-31
1361,Keith,213,8,318,2023-11-01
1362,Keith,214,8,297,2023-11-02
1363,Keith,215,7,364,2023-11-03
1364,Keith,216,9,117,2023-11-04
1365,Keith,217,6,411,2023-11-05
1366,Keith,220,9,105,2023-11-08
1367,Keith,218,6,414,2023-11-06
1368,Keith,219,8,194,2023-11-07
1369,Keith,221,7,367,2023-11-09
1370,Keith,222,9,67,2023-11-10
1371,Keith,223,8,205,2023-11-11
1372,Keith,224,6,395,2023-11-12
1373,Keith,225,8,221,2023-11-13
1374,Keith,226,7,344,2023-11-14
1375,Keith,227,7,264,2023-11-15
1376,Keith,228,8,256,2023-11-16
1377,Keith,229,7,384,2023-11-17
1378,Keith,230,8,165,2023-11-18
1379,Keith,231,9,75,2023-11-19
1380,Keith,232,3,714,2023-11-20
1381,Keith,233,6,386,2023-11-21
1382,Keith,234,8,197,2023-11-22
1383,Keith,235,8,196,2023-11-23
1384,Keith,236,8,112,2023-11-24
1385,Keith,237,8,147,2023-11-25
1386,Keith,238,8,207,2023-11-26
1387,Keith,239,6,346,2023-11-27
1388,Keith,240,8,300,2023-11-28
1389,Keith,241,9,128,2023-11-29
1390,Keith,242,7,315,2023-11-30
1391,Keith,243,7,272,2023-12-01
1392,Keith,244,8,311,2023-12-02
1393,Keith,245,6,418,2023-12-03
1394,Keith,246,7,364,2023-12-04
1395,Keith,247,6,362,2023-12-05
1396,Keith,248,8,133,2023-12-06
1397,Keith,249,9,77,2023-12-07
1398,Keith,250,7,273,2023-12-08
1399,Keith,251,8,179,2023-12-09
1400,Keith,252,7,258,2023-12-10
1401,Keith,253,8,277,2023-12-11
1402,Keith,254,8,275,2023-12-12
1403,Keith,255,9,122,2023-12-13
1404,Keith,256,7,304,2023-12-14
1405,Keith,257,8,167,2023-12-15
1406,Keith,258,9,149,2023-12-16
1407,Keith,259,7,326,2023-12-17
1408,Keith,260,7,275,2023-12-18
1409,Keith,261,9,54,2023-12-19
1410,Keith,262,7,341,2023-12-20
1411,Keith,263,8,139,2023-12-21
1412,Keith,264,7,255,2023-12-22
1413,Keith,265,7,247,2023-12-23
1414,Keith,266,8,153,2023-12-24
1415,Keith,267,7,364,2023-12-25
1416,Keith,268,8,186,2023-12-26
1417,Keith,270,7,286,2023-12-28
1418,Keith,269,9,120,2023-12-27
1419,Keith,271,7,292,2023-12-29
1420,Keith,272,6,332,2023-12-30
1421,Keith,273,8,326,2023-12-31
1422,Keith,274,6,382,2024-01-01
1423,Keith,275,9,168,2024-01-02
1424,Keith,276,7,271,2024-01-03
1425,Keith,277,8,227,2024-01-04
1426,Keith,278,8,110,2024-01-05
1427,Keith,279,9,148,2024-01-06
1428,Keith,280,7,390,2024-01-07
1429,Keith,281,6,415,2024-01-08
1430,Keith,282,9,96,2024-01-09
1431,Keith,283,6,420,2024-01-10
1432,Keith,284,8,237,2024-01-11
1433,Keith,285,8,187,2024-01-12
1434,Keith,286,7,279,2024-01-13
1435,Keith,288,9,35,2024-01-15
1436,Keith,287,5,431,2024-01-14
1437,Keith,289,9,124,2024-01-16
1438,Keith,290,9,88,2024-01-17
1439,Keith,291,9,83,2024-01-18
1440,Keith,292,7,345,2024-01-19
1441,Keith,293,9,74,2024-01-20
1442,Keith,294,7,256,2024-01-21
1443,Keith,295,7,263,2024-01-22
1444,Keith,296,7,230,2024-01-23
1445,Keith,297,6,375,2024-01-24
1446,Keith,298,8,260,2024-01-25
1447,Keith,299,7,245,2024-01-26
1448,Keith,300,8,142,2024-01-27
1449,Keith,301,9,251,2024-01-28
1450,Keith,302,9,90,2024-01-29
1451,Keith,304,7,359,2024-01-31
1452,Keith,303,8,244,2024-01-30
1453,Keith,305,9,266,2024-02-01
1454,Keith,306,9,125,2024-02-02
1455,Keith,307,7,264,2024-02-03
1456,Keith,308,9,107,2024-02-04
1457,Keith,310,8,158,2024-02-06
1458,Keith,309,8,193,2024-02-05
1459,Keith,311,7,283,2024-02-07
1460,Keith,312,9,112,2024-02-08
1461,Keith,313,7,336,2024-02-09
1462,Keith,314,9,37,2024-02-10
1463,Keith,315,8,164,2024-02-11
1464,Keith,316,8,172,2024-02-12
1465,Keith,317,8,202,2024-02-13
1466,Keith,318,7,304,2024-02-14
1467,Keith,319,9,49,2024-02-15
1468,Keith,320,8,165,2024-02-16
1469,Keith,321,9,191,2024-02-17
1470,Keith,322,8,212,2024-02-18
1471,Keith,323,9,66,2024-02-19
1472,Keith,324,7,329,2024-02-20
1473,Keith,325,7,252,2024-02-21
1474,Keith,326,8,174,2024-02-22
1475,Keith,327,9,82,2024-02-23
1476,Keith,328,8,183,2024-02-24
1477,Keith,330,7,343,2024-02-26
1478,Keith,329,8,162,2024-02-25
1479,Keith,331,9,102,2024-02-27
1480,Keith,332,9,17,2024-02-28
1481,Keith,333,8,119,2024-02-29
1482,Keith,334,8,157,2024-03-01
1483,Keith,335,7,282,2024-03-02
1484,Keith,336,7,210,2024-03-03
1485,Keith,337,9,107,2024-03-04
1486,Keith,338,9,31,2024-03-05
1487,Keith,340,8,168,2024-03-07
1488,Keith,339,7,244,2024-03-06
1489,Keith,341,8,209,2024-03-08
1490,Keith,342,6,364,2024-03-09
1491,Keith,344,7,241,2024-03-11
1492,Keith,343,8,202,2024-03-10
1493,Keith,345,9,70,2024-03-12
1494,Keith,346,9,79,2024-03-13
1495,Keith,347,8,241,2024-03-14
1496,Keith,348,8,191,2024-03-15
1497,Keith,349,8,155,2024-03-16
1498,Keith,350,9,127,2024-03-17
1499,Keith,351,8,153,2024-03-18
1500,Keith,352,8,210,2024-03-19
1501,Keith,353,9,108,2024-03-20
1502,Keith,354,7,237,2024-03-21
1503,Keith,355,6,475,2024-03-22
1504,Keith,356,8,133,2024-03-23
1505,Keith,357,9,21,2024-03-24
1506,Keith,358,9,133,2024-03-25
1507,Keith,359,8,139,2024-03-26
1508,Keith,360,8,161,2024-03-27
1509,Keith,361,9,118,2024-03-28
1510,Keith,362,8,145,2024-03-29
1511,Keith,363,7,251,2024-03-30
1512,Keith,364,7,211,2024-03-31
1513,Keith,365,9,24,2024-04-01
1514,Keith,366,7,244,2024-04-02
1515,Keith,367,8,191,2024-04-03
1516,Keith,368,9,32,2024-04-04
1517,Keith,369,9,151,2024-04-05
1518,Keith,370,9,88,2024-04-06
1519,Keith,371,8,226,2024-04-07
1520,Keith,372,9,61,2024-04-08
1521,Keith,373,8,157,2024-04-09
1522,Keith,374,8,148,2024-04-10
1523,Keith,375,9,83,2024-04-11
1524,Keith,376,8,197,2024-04-12
1525,Keith,377,8,174,2024-04-13
1526,Keith,378,8,121,2024-04-14
1527,Keith,379,8,141,2024-04-15
1528,Keith,380,8,125,2024-04-16
1529,Keith,381,7,318,2024-04-17
1530,Keith,382,9,66,2024-04-18
1531,Keith,383,9,35,2024-04-19
1532,Keith,384,7,290,2024-04-20
1533,Keith,385,7,294,2024-04-21
1534,Keith,386,9,143,2024-04-22
1535,Keith,387,7,377,2024-04-23
1536,Keith,388,8,240,2024-04-24
1537,Keith,389,9,21,2024-04-25
1538,Keith,390,8,267,2024-04-26
1539,Keith,391,8,121,2024-04-27
1540,Keith,392,8,167,2024-04-28
1541,Keith,393,8,123,2024-04-29
1542,Keith,394,7,279,2024-04-30
1543,Keith,395,8,171,2024-05-01
1544,Keith,396,8,114,2024-05-02
1545,Keith,397,7,241,2024-05-03
1546,Keith,398,9,31,2024-05-04
1547,Keith,399,8,118,2024-05-05
1548,Keith,400,7,275,2024-05-06
1549,Keith,401,8,193,2024-05-07
1550,Keith,402,7,232,2024-05-08
1551,Keith,403,9,69,2024-05-09
1552,Keith,404,9,175,2024-05-10
1553,Keith,405,9,47,2024-05-11
1554,Keith,406,9,60,2024-05-12
1555,Keith,407,7,325,2024-05-13
1556,Keith,408,9,68,2024-05-14
1557,Keith,409,9,34,2024-05-15
1558,Keith,410,9,59,2024-05-16
1559,Keith,411,9,41,2024-05-17
1560,Keith,412,9,105,2024-05-18
1561,Keith,413,8,162,2024-05-19
1562,Keith,414,9,87,2024-05-20
1563,Keith,415,8,147,2024-05-21
1564,Keith,416,7,342,2024-05-22
1565,Keith,417,8,165,2024-05-23
1566,Keith,419,7,244,2024-05-25
1567,Keith,418,8,223,2024-05-24
1568,Keith,420,7,308,2024-05-26
1569,Keith,421,9,82,2024-05-27
1570,Keith,422,9,33,2024-05-28
1571,Keith,423,8,164,2024-05-29
1572,Keith,424,7,232,2024-05-30
1573,Keith,425,8,130,2024-05-31
1574,Keith,426,9,40,2024-06-01
1575,Keith,427,9,23,2024-06-02
1576,Keith,428,8,125,2024-06-03
1577,Keith,429,9,123,2024-06-04
1578,Keith,430,9,21,2024-06-05
1579,Keith,431,8,113,2024-06-06
1580,Keith,432,9,127,2024-06-07
1581,Keith,433,8,133,2024-06-08
1582,Keith,434,8,191,2024-06-09
1583,Keith,435,8,149,2024-06-10
1584,Keith,436,8,277,2024-06-11
1585,Keith,437,8,128,2024-06-12
1586,Keith,438,8,159,2024-06-13
1587,Keith,439,9,4,2024-06-14
1588,Keith,441,9,56,2024-06-16
1589,Keith,440,8,189,2024-06-15
1590,Keith,442,7,266,2024-06-17
1591,Keith,443,8,356,2024-06-18
1592,Keith,444,8,125,2024-06-19
1593,Keith,445,9,55,2024-06-20
1594,Keith,446,8,119,2024-06-21
1595,Keith,447,9,75,2024-06-22
1596,Keith,448,7,248,2024-06-23
1597,Keith,449,9,70,2024-06-24
1598,Keith,450,8,128,2024-06-25
1599,Keith,451,7,261,2024-06-26
1600,Keith,452,8,194,2024-06-27
1601,Keith,453,9,8,2024-06-28
1602,Keith,454,8,157,2024-06-29
1603,Keith,455,9,89,2024-06-30
1604,Keith,456,9,100,2024-07-01
1605,Keith,457,8,129,2024-07-02
1606,Keith,458,6,364,2024-07-03
1607,Keith,460,9,61,2024-07-05
1608,Keith,459,9,107,2024-07-04
1609,Keith,461,7,236,2024-07-06
1610,Keith,462,9,69,2024-07-07
1611,Keith,463,9,58,2024-07-08
1612,Keith,464,9,101,2024-07-09
1613,Keith,465,8,142,2024-07-10
1614,Keith,466,8,170,2024-07-11
1615,Keith,467,9,57,2024-07-12
1616,Keith,469,9,93,2024-07-14
1617,Keith,468,9,20,2024-07-13
1618,Keith,470,8,127,2024-07-15
1619,Keith,471,8,182,2024-07-16
1620,Keith,472,9,74,2024-07-17
1621,Keith,473,9,97,2024-07-18
1622,Keith,474,8,237,2024-07-19
1623,Keith,475,8,121,2024-07-20
1624,Keith,476,9,14,2024-07-21
1625,Keith,477,9,96,2024-07-22
1626,Keith,478,9,133,2024-07-23
1627,Keith,479,8,242,2024-07-24
1628,Keith,480,8,158,2024-07-25
1629,Keith,481,8,185,2024-07-26
1630,Keith,482,7,339,2024-07-27
1631,Keith,483,8,155,2024-07-28
1632,Keith,484,9,71,2024-07-29
1633,Keith,485,8,138,2024-07-30
1634,Keith,486,8,124,2024-07-31
1635,Keith,487,8,118,2024-08-01
1636,Keith,488,9,40,2024-08-02
1637,Keith,489,9,13,2024-08-03
1638,Keith,490,8,175,2024-08-04
1639,Keith,492,9,71,2024-08-06
1640,Keith,491,8,235,2024-08-05
1641,Keith,493,8,173,2024-08-07
1642,Keith,494,7,275,2024-08-08
1643,Keith,495,9,42,2024-08-09
1644,Keith,496,9,23,2024-08-10
1645,Keith,497,9,90,2024-08-11
1646,Keith,498,9,61,2024-08-12
1647,Keith,499,8,141,2024-08-13
1648,Keith,500,9,43,2024-08-14
1649,Keith,501,8,133,2024-08-15
1650,Keith,502,8,161,2024-08-16
1651,Keith,504,9,158,2024-08-18
1652,Keith,503,9,22,2024-08-17
1653,Keith,505,9,78,2024-08-19
1654,Keith,506,9,73,2024-08-20
1655,Keith,507,8,136,2024-08-21
1656,Keith,508,7,256,2024-08-22
1657,Keith,509,9,41,2024-08-23
1658,Keith,510,8,184,2024-08-24
1659,Keith,511,9,64,2024-08-25
1660,Keith,512,9,26,2024-08-26
1661,Keith,513,9,37,2024-08-27
1662,Keith,514,8,164,2024-08-28
1663,Keith,515,9,52,2024-08-29
1664,Keith,516,9,38,2024-08-30
1665,Keith,518,8,173,2024-09-01
1666,Keith,517,9,65,2024-08-31
1667,Keith,519,9,28,2024-09-02
1668,Keith,520,9,92,2024-09-03
1669,Keith,521,9,27,2024-09-04
1670,Keith,522,8,134,2024-09-05
1671,Keith,523,8,108,2024-09-06
1672,Keith,524,9,21,2024-09-07
1673,Keith,526,9,20,2024-09-09
1674,Keith,525,8,193,2024-09-08
1675,Keith,527,9,21,2024-09-10
1676,Cliff,104,5,486,2023-07-15
1677,Cliff,105,3,666,2023-07-16
1678,Cliff,106,8,183,2023-07-17
1679,Cliff,109,7,300,2023-07-20
1680,Cliff,110,3,646,2023-07-21
1681,Cliff,114,6,405,2023-07-25
1682,Cliff,116,5,465,2023-07-27
1683,Cliff,118,8,242,2023-07-29
1684,Cliff,120,5,450,2023-07-31
1685,Cliff,119,2,753,2023-07-30
1686,Cliff,121,3,652,2023-08-01
1687,Cliff,122,5,443,2023-08-02
1688,Cliff,123,8,163,2023-08-03
1689,Cliff,124,4,521,2023-08-04
1690,Cliff,125,7,251,2023-08-05
1691,Cliff,126,3,601,2023-08-06
1692,Cliff,127,4,577,2023-08-07
1693,Cliff,128,8,173,2023-08-08
1694,Cliff,129,5,452,2023-08-09
1695,Cliff,130,1,825,2023-08-10
1696,Cliff,131,4,510,2023-08-11
1697,Cliff,132,9,166,2023-08-12
1698,Cliff,133,4,531,2023-08-13
1699,Cliff,134,5,425,2023-08-14
1700,Cliff,135,5,443,2023-08-15
1701,Cliff,136,5,439,2023-08-16
1702,Cliff,137,6,344,2023-08-17
1703,Cliff,138,6,324,2023-08-18
1704,Cliff,139,7,276,2023-08-19
1705,Cliff,141,5,417,2023-08-21
1706,Cliff,142,6,374,2023-08-22
1707,Cliff,144,2,751,2023-08-24
1708,Cliff,148,5,445,2023-08-28
1709,Cliff,146,7,275,2023-08-26
1710,Cliff,150,3,734,2023-08-30
1711,Cliff,151,4,502,2023-08-31
1712,Cliff,152,1,816,2023-09-01
1713,Cliff,153,9,40,2023-09-02
1714,Cliff,155,5,411,2023-09-04
1715,Cliff,154,4,513,2023-09-03
1716,Cliff,156,9,33,2023-09-05
1717,Cliff,157,7,288,2023-09-06
1718,Cliff,159,6,381,2023-09-08
1719,Cliff,160,9,40,2023-09-09
1720,Cliff,161,4,573,2023-09-10
1721,Cliff,162,7,261,2023-09-11
1722,Cliff,163,8,255,2023-09-12
1723,Cliff,164,8,155,2023-09-13
1724,Cliff,165,8,150,2023-09-14
1725,Cliff,166,9,89,2023-09-15
1726,Cliff,171,4,564,2023-09-20
1727,Cliff,172,6,483,2023-09-21
1728,Cliff,173,9,73,2023-09-22
1729,Cliff,175,9,115,2023-09-24
1730,Cliff,174,9,75,2023-09-23
1731,Cliff,177,6,334,2023-09-26
1732,Cliff,178,6,344,2023-09-27
1733,Cliff,179,9,112,2023-09-28
1734,Cliff,180,7,230,2023-09-29
1735,Cliff,181,9,158,2023-09-30
1736,Cliff,183,6,356,2023-10-02
1737,Cliff,184,9,92,2023-10-03
1738,Cliff,185,4,550,2023-10-04
1739,Cliff,186,6,509,2023-10-05
1740,Cliff,187,8,188,2023-10-06
1741,Cliff,188,9,81,2023-10-07
1742,Cliff,189,6,351,2023-10-08
1743,Cliff,190,4,507,2023-10-09
1744,Cliff,191,6,362,2023-10-10
1745,Cliff,192,7,333,2023-10-11
1746,Cliff,193,8,227,2023-10-12
1747,Cliff,194,6,350,2023-10-13
1748,Cliff,195,7,331,2023-10-14
1749,Cliff,196,6,328,2023-10-15
1750,Cliff,197,6,343,2023-10-16
1751,Cliff,198,4,507,2023-10-17
1752,Cliff,199,7,219,2023-10-18
1753,Cliff,200,9,90,2023-10-19
1754,Cliff,201,7,240,2023-10-20
1755,Cliff,202,7,266,2023-10-21
1756,Cliff,203,9,64,2023-10-22
1757,Cliff,204,7,286,2023-10-23
1758,Cliff,205,5,415,2023-10-24
1759,Cliff,206,9,41,2023-10-25
1760,Cliff,208,5,420,2023-10-28
1761,Cliff,207,8,197,2023-10-26
1762,Cliff,209,9,14,2023-10-28
1763,Cliff,5,9,58,2023-10-29
1764,Cliff,211,3,609,2023-10-30
1765,Cliff,210,6,340,2023-10-29
1766,Cliff,212,6,330,2023-10-31
1767,Cliff,213,7,247,2023-11-01
1768,Cliff,214,5,424,2023-11-02
1769,Cliff,215,9,45,2023-11-03
1770,Cliff,216,9,72,2023-11-04
1771,Cliff,217,8,138,2023-11-05
1772,Cliff,218,6,353,2023-11-06
1773,Cliff,219,6,352,2023-11-07
1774,Cliff,220,7,293,2023-11-08
1775,Cliff,221,7,331,2023-11-09
1776,Cliff,222,9,41,2023-11-10
1777,Cliff,224,7,353,2023-11-12
1778,Cliff,223,9,28,2023-11-11
1779,Cliff,225,7,241,2023-11-13
1780,Cliff,226,7,285,2023-11-14
1781,Cliff,227,6,360,2023-11-15
1782,Cliff,228,8,197,2023-11-16
1783,Cliff,229,7,307,2023-11-17
1784,Cliff,230,8,168,2023-11-18
1785,Cliff,231,7,297,2023-11-19
1786,Cliff,232,6,378,2023-11-20
1787,Cliff,233,5,413,2023-11-21
1788,Cliff,234,9,46,2023-11-22
1789,Cliff,235,9,147,2023-11-23
1790,Cliff,236,9,6,2023-11-24
1791,Cliff,237,8,115,2023-11-25
1792,Cliff,238,9,151,2023-11-26
1793,Cliff,239,6,352,2023-11-27
1794,Cliff,240,7,267,2023-11-28
1795,Cliff,241,9,16,2023-11-29
1796,Cliff,242,3,663,2023-11-30
1797,Cliff,243,8,139,2023-12-01
1798,Cliff,244,9,122,2023-12-02
1799,Cliff,245,1,800,2023-12-03
1800,Cliff,246,8,184,2023-12-04
1801,Cliff,247,6,333,2023-12-05
1802,Cliff,248,9,61,2023-12-06
1803,Cliff,249,9,55,2023-12-07
1804,Cliff,250,7,277,2023-12-08
1805,Cliff,251,9,8,2023-12-09
1806,Cliff,252,4,521,2023-12-10
1807,Cliff,253,5,528,2023-12-11
1808,Cliff,254,7,319,2023-12-12
1809,Cliff,255,9,58,2023-12-13
1810,Cliff,256,7,216,2023-12-14
1811,Cliff,257,9,51,2023-12-15
1812,Cliff,258,9,52,2023-12-16
1813,Cliff,259,5,460,2023-12-17
1814,Cliff,260,7,247,2023-12-18
1815,Cliff,261,8,135,2023-12-19
1816,Cliff,262,8,216,2023-12-20
1817,Cliff,263,9,32,2023-12-21
1818,Cliff,264,5,425,2023-12-22
1819,Cliff,265,9,64,2023-12-23
1820,Cliff,267,9,83,2023-12-25
1821,Cliff,266,9,20,2023-12-24
1822,Cliff,268,9,87,2023-12-26
1823,Cliff,269,8,139,2023-12-27
1824,Cliff,270,7,254,2023-12-28
1825,Cliff,271,6,324,2023-12-29
1826,Cliff,273,9,152,2023-12-31
1827,Cliff,274,7,294,2024-01-01
1828,Cliff,276,9,26,2024-01-03
1829,Cliff,277,3,651,2024-01-04
1830,Cliff,278,6,306,2024-01-05
1831,Cliff,279,7,252,2024-01-06
1832,Cliff,280,6,365,2024-01-07
1833,Cliff,281,6,348,2024-01-08
1834,Cliff,282,7,222,2024-01-09
1835,Cliff,283,5,462,2024-01-10
1836,Cliff,284,6,308,2024-01-11
1837,Cliff,285,8,174,2024-01-12
1838,Cliff,287,6,332,2024-01-14
1839,Cliff,286,8,158,2024-01-13
1840,Cliff,288,9,12,2024-01-15
1841,Cliff,289,8,204,2024-01-16
1842,Cliff,290,7,261,2024-01-17
1843,Cliff,291,8,162,2024-01-18
1844,Cliff,292,6,327,2024-01-19
1845,Cliff,293,9,20,2024-01-20
1846,Cliff,294,5,457,2024-01-21
1847,Cliff,295,6,374,2024-01-22
1848,Cliff,296,5,419,2024-01-23
1849,Cliff,297,8,124,2024-01-24
1850,Cliff,298,9,21,2024-01-25
1851,Cliff,299,6,306,2024-01-26
1852,Cliff,300,9,23,2024-01-27
1853,Cliff,301,7,445,2024-01-28
1854,Cliff,302,9,5,2024-01-29
1855,Cliff,303,8,123,2024-01-30
1856,Cliff,305,9,136,2024-02-01
1857,Cliff,304,8,215,2024-01-31
1858,Cliff,306,7,285,2024-02-02
1859,Cliff,307,8,176,2024-02-03
1860,Cliff,308,9,119,2024-02-04
1861,Cliff,309,6,318,2024-02-05
1862,Cliff,310,8,185,2024-02-06
1863,Cliff,311,6,381,2024-02-07
1864,Cliff,312,8,126,2024-02-08
1865,Cliff,313,6,328,2024-02-09
1866,Cliff,314,9,36,2024-02-10
1867,Cliff,315,7,288,2024-02-11
1868,Cliff,316,7,223,2024-02-12
1869,Cliff,317,5,469,2024-02-13
1870,Cliff,318,8,179,2024-02-14
1871,Cliff,319,9,24,2024-02-15
1872,Cliff,320,7,227,2024-02-16
1873,Cliff,321,9,101,2024-02-17
1874,Cliff,322,7,253,2024-02-19
1875,Cliff,323,8,121,2024-02-19
1876,Cliff,324,7,316,2024-02-20
1877,Cliff,325,8,134,2024-02-21
1878,Cliff,326,7,230,2024-02-22
1879,Cliff,327,9,82,2024-02-23
1880,Cliff,328,8,111,2024-02-24
1881,Cliff,329,8,149,2024-02-25
1882,Cliff,330,8,246,2024-02-26
1883,Cliff,331,7,286,2024-02-27
1884,Cliff,332,8,135,2024-02-28
1885,Cliff,333,9,118,2024-02-29
1886,Cliff,334,7,234,2024-03-01
1887,Cliff,336,7,218,2024-03-03
1888,Cliff,337,5,437,2024-03-04
1889,Cliff,338,9,41,2024-03-05
1890,Cliff,339,8,169,2024-03-06
1891,Cliff,340,8,163,2024-03-07
1892,Cliff,341,9,153,2024-03-08
1893,Cliff,342,8,171,2024-03-09
1894,Cliff,343,6,333,2024-03-10
1895,Cliff,344,9,106,2024-03-11
1896,Cliff,345,9,21,2024-03-12
1897,Cliff,346,9,64,2024-03-13
1898,Cliff,347,4,554,2024-03-14
1899,Cliff,349,9,10,2024-03-16
1900,Cliff,350,7,215,2024-03-17
1901,Cliff,352,5,473,2024-03-19
1902,Cliff,354,7,227,2024-03-21
1903,Cliff,353,5,434,2024-03-20
1904,Cliff,355,5,445,2024-03-22
1905,Cliff,356,9,25,2024-03-23
1906,Cliff,357,7,227,2024-03-24
1907,Cliff,358,8,141,2024-03-25
1908,Cliff,359,7,223,2024-03-26
1909,Cliff,360,9,103,2024-03-27
1910,Cliff,361,7,251,2024-03-28
1911,Cliff,362,9,32,2024-03-29
1912,Cliff,363,9,11,2024-03-30
1913,Cliff,364,9,21,2024-03-31
1914,Cliff,365,8,139,2024-04-01
1915,Cliff,366,9,81,2024-04-02
1916,Cliff,367,8,199,2024-04-03
1917,Cliff,368,9,103,2024-04-04
1918,Cliff,369,9,89,2024-04-05
1919,Cliff,370,9,22,2024-04-06
1920,Cliff,371,9,82,2024-04-07
1921,Cliff,372,7,293,2024-04-08
1922,Cliff,373,6,317,2024-04-09
1923,Cliff,374,6,333,2024-04-10
1924,Cliff,375,9,200,2024-04-11
1925,Cliff,376,7,275,2024-04-12
1926,Cliff,377,8,143,2024-04-13
1927,Cliff,378,9,34,2024-04-14
1928,Cliff,379,9,28,2024-04-15
1929,Cliff,381,6,336,2024-04-17
1930,Cliff,382,7,211,2024-04-18
1931,Cliff,383,8,190,2024-04-19
1932,Cliff,384,8,139,2024-04-20
1933,Cliff,385,7,266,2024-04-21
1934,Cliff,386,7,260,2024-04-23
1935,Cliff,387,6,378,2024-04-23
1936,Cliff,388,6,346,2024-04-24
1937,Cliff,389,8,123,2024-04-25
1938,Cliff,390,7,270,2024-04-26
1939,Cliff,391,8,109,2024-04-27
1940,Cliff,392,8,131,2024-04-28
1941,Cliff,393,8,129,2024-04-29
1942,Cliff,394,7,238,2024-04-30
1943,Cliff,395,8,179,2024-05-01
1944,Cliff,396,9,27,2024-05-02
1945,Cliff,397,7,219,2024-05-03
1946,Cliff,398,8,126,2024-05-04
1947,Cliff,399,7,254,2024-05-05
1948,Cliff,400,7,227,2024-05-06
1949,Cliff,401,7,342,2024-05-07
1950,Cliff,402,6,310,2024-05-09
1951,Cliff,403,9,46,2024-05-09
1952,Cliff,404,9,163,2024-05-10
1953,Cliff,405,9,30,2024-05-11
1954,Cliff,406,8,149,2024-05-12
1955,Cliff,407,8,190,2024-05-13
1956,Cliff,408,7,212,2024-05-14
1957,Cliff,409,8,118,2024-05-15
1958,Cliff,410,6,315,2024-05-16
1959,Cliff,411,7,271,2024-05-17
1960,Cliff,412,8,197,2024-05-18
1961,Cliff,413,9,84,2024-05-19
1962,Cliff,414,9,69,2024-05-20
1963,Cliff,415,8,139,2024-05-21
1964,Cliff,416,6,382,2024-05-22
1965,Cliff,417,6,316,2024-05-23
1966,Cliff,419,8,138,2024-05-25
1967,Cliff,420,7,243,2024-05-26
1968,Cliff,421,8,149,2024-05-27
1969,Cliff,423,9,66,2024-05-29
1970,Cliff,425,9,36,2024-05-31
1971,Cliff,426,9,18,2024-06-01
1972,Cliff,427,9,10,2024-06-02
1973,Cliff,428,7,284,2024-06-03
1974,Cliff,429,7,249,2024-06-04
1975,Cliff,430,7,219,2024-06-05
1976,Cliff,431,9,100,2024-06-06
1977,Cliff,432,6,354,2024-06-07
1978,Cliff,433,9,40,2024-06-08
1979,Cliff,434,7,265,2024-06-09
1980,Cliff,435,8,105,2024-06-10
1981,Cliff,436,5,456,2024-06-11
1982,Cliff,438,9,67,2024-06-13
1983,Cliff,439,8,123,2024-06-14
1984,Cliff,437,9,36,2024-06-14
1985,Cliff,440,8,175,2024-06-15
1986,Cliff,441,8,138,2024-06-16
1987,Cliff,442,7,277,2024-06-17
1988,Cliff,443,8,303,2024-06-18
1989,Cliff,444,5,420,2024-06-19
1990,Cliff,445,9,49,2024-06-20
1991,Cliff,446,7,239,2024-06-21
1992,Cliff,447,7,215,2024-06-22
1993,Cliff,448,5,430,2024-06-23
1994,Cliff,449,6,327,2024-06-24
1995,Cliff,450,7,232,2024-06-25
1996,Cliff,452,8,204,2024-06-27
1997,Cliff,451,6,358,2024-06-26
1998,Cliff,454,8,174,2024-06-29
1999,Cliff,453,9,25,2024-06-28
2000,Cliff,455,7,233,2024-06-30
2001,Cliff,456,7,254,2024-07-01
2002,Cliff,457,7,236,2024-07-02
2003,Cliff,458,9,86,2024-07-03
2004,Cliff,459,9,24,2024-07-04
2005,Cliff,460,7,232,2024-07-05
2006,Cliff,461,7,222,2024-07-06
2007,Cliff,462,6,324,2024-07-07
2008,Cliff,463,8,155,2024-07-08
2009,Cliff,464,9,49,2024-07-09
2010,Cliff,466,8,204,2024-07-11
2011,Cliff,465,8,124,2024-07-11
2012,Cliff,468,9,9,2024-07-13
2013,Cliff,467,9,100,2024-07-12
2014,Cliff,469,9,81,2024-07-14
2015,Cliff,470,8,261,2024-07-15
2016,Cliff,472,9,40,2024-07-17
2017,Cliff,471,9,62,2024-07-17
2018,Cliff,473,6,349,2024-07-18
2019,Cliff,474,9,186,2024-07-19
2020,Cliff,475,9,62,2024-07-20
2021,Cliff,476,6,309,2024-07-21
2022,Cliff,477,8,159,2024-07-22
2023,Cliff,478,8,187,2024-07-23
2024,Cliff,479,5,435,2024-07-24
2025,Cliff,480,4,524,2024-07-25
2026,Cliff,481,8,149,2024-07-26
2027,Cliff,483,7,244,2024-07-28
2028,Cliff,484,8,188,2024-07-29
2029,Cliff,485,6,353,2024-07-31
2030,Cliff,486,8,151,2024-07-31
2031,Cliff,487,9,13,2024-08-01
2032,Cliff,488,9,39,2024-08-02
2033,Cliff,491,8,260,2024-08-05
2034,Cliff,490,6,325,2024-08-04
2035,Cliff,489,9,40,2024-08-03
2036,Cliff,492,8,138,2024-08-06
2037,Cliff,493,8,177,2024-08-07
2038,Cliff,494,5,434,2024-08-08
2039,Cliff,495,6,328,2024-08-09
2040,Cliff,498,9,79,2024-08-12
2041,Cliff,497,7,254,2024-08-11
2042,Cliff,499,8,112,2024-08-13
2043,Cliff,501,8,108,2024-08-15
2044,Cliff,500,9,57,2024-08-14
2045,Cliff,502,9,51,2024-08-16
2046,Cliff,504,8,186,2024-08-18
2047,Cliff,505,8,259,2024-08-19
2048,Cliff,506,7,266,2024-08-20
2049,Cliff,507,7,235,2024-08-21
2050,Cliff,508,5,413,2024-08-22
2051,Cliff,509,9,41,2024-08-23
2052,Cliff,510,6,322,2024-08-24
2053,Cliff,513,9,56,2024-08-27
2054,Cliff,511,7,259,2024-08-25
2055,Cliff,512,9,19,2024-08-26
2056,Cliff,515,9,19,2024-08-29
2057,Cliff,514,9,79,2024-08-28
2058,Cliff,516,9,71,2024-08-30
2059,Cliff,518,9,45,2024-09-01
2060,Cliff,517,9,76,2024-08-31
2061,Cliff,520,7,260,2024-09-03
2062,Cliff,519,7,236,2024-09-02
2063,Cliff,521,8,134,2024-09-04
2064,Cliff,522,8,106,2024-09-05
2065,Cliff,523,9,12,2024-09-06
2066,Cliff,524,8,108,2024-09-07
2067,Cliff,525,9,154,2024-09-08
2068,Cliff,526,8,185,2024-09-09
